"Date","Price","Open","High","Low","Vol.","Change %"
15/02/18,"9672.4","9454.3","9944.8","9338.8","55.14K","2.29"
14/02/18,"9455.4","8515.9","9488.0","8512.6","50.36K","11.03"
13/02/18,"8515.9","8902.9","8952.8","8339.7","39.51K","-4.32"
12/02/18,"8900.6","8070.0","9000.0","8070.0","51.40K","10.31"
11/02/18,"8069.0","8563.0","8569.0","7851.0","52.21K","-5.77"
10/02/18,"8563.1","8678.1","9074.3","8152.1","68.15K","-1.38"
09/02/18,"8683.2","8240.0","8748.0","7734.7","63.03K","5.44"
08/02/18,"8235.1","7585.0","8648.8","7579.6","77.62K","8.54"
07/02/18,"7587.0","7679.4","8488.2","7175.1","106.70K","-1.13"
06/02/18,"7673.8","6946.6","7860.0","6000.0","192.76K","10.42"
05/02/18,"6949.9","8185.2","8378.0","6658.8","131.29K","-15.25"
04/02/18,"8200.0","9225.1","9403.3","7840.0","74.42K","-11.06"
03/02/18,"9219.4","8887.1","9495.0","8189.6","51.91K","3.64"
02/02/18,"8895.8","9181.0","9201.0","7972.2","123.34K","-3.11"
01/02/18,"9181.1","10278.0","10311.0","8941.0","78.78K","-10.72"
31/01/18,"10284.0","10170.0","10411.0","9761.0","43.23K","1.07"
30/01/18,"10175.0","11215.0","11250.0","9864.9","61.28K","-9.25"
29/01/18,"11212.0","11836.0","11957.0","11074.0","25.65K","-5.30"
28/01/18,"11839.0","11455.1","12181.0","11398.0","29.62K","3.30"
27/01/18,"11461.0","11068.0","11683.0","10822.0","34.40K","3.53"
26/01/18,"11070.0","11144.0","11647.0","10298.0","56.75K","-0.68"
25/01/18,"11146.0","11402.0","11723.0","10857.0","34.44K","-2.35"
24/01/18,"11414.0","10811.0","11529.0","10454.0","43.82K","5.50"
23/01/18,"10819.0","10770.0","11383.0","9901.1","63.85K","0.45"
22/01/18,"10771.0","11519.0","11886.0","10009.0","66.35K","-6.45"
21/01/18,"11514.0","12732.0","12732.0","11020.0","53.62K","-9.54"
20/01/18,"12728.0","11462.0","13002.0","11425.0","46.30K","10.91"
19/01/18,"11476.0","11036.0","11879.0","10649.0","48.55K","3.90"
18/01/18,"11045.0","11101.0","11881.0","10515.0","85.24K","-0.33"
17/01/18,"11082.0","11059.0","11490.0","9231.1","132.23K","0.09"
16/01/18,"11072.0","13594.0","13604.0","9949.4","131.86K","-18.44"
15/01/18,"13575.0","13558.0","14350.0","13307.0","33.46K","0.13"
14/01/18,"13558.0","14190.0","14391.0","12874.3","35.60K","-4.46"
13/01/18,"14191.0","13794.0","14580.0","13760.0","29.01K","2.96"
12/01/18,"13783.0","13248.0","14095.0","12778.0","37.42K","3.90"
11/01/18,"13266.0","14895.0","14949.8","12639.0","71.70K","-10.94"
10/01/18,"14896.0","14426.0","14896.0","13338.0","57.33K","3.28"
09/01/18,"14423.0","14902.0","15355.0","14122.0","43.44K","-3.40"
08/01/18,"14930.0","16216.0","16279.0","13760.0","64.95K","-7.82"
07/01/18,"16196.0","17163.0","17176.0","15726.0","30.84K","-5.62"
06/01/18,"17161.0","16911.0","17252.0","16251.0","29.61K","1.44"
05/01/18,"16917.0","15159.0","17101.0","14769.0","54.63K","11.59"
04/01/18,"15160.0","15150.0","15390.0","14064.0","46.47K","0.03"
03/01/18,"15155.0","14713.0","15428.0","14522.0","38.35K","3.03"
02/01/18,"14709.8","13448.0","15300.0","12810.0","56.18K","10.15"
01/01/18,"13354.0","13794.0","13893.0","12787.0","29.54K","-3.23"
31/12/17,"13800.0","12385.0","14140.0","12183.9","43.29K","11.50"
30/12/17,"12377.0","14308.0","14403.0","11690.0","75.43K","-13.55"
29/12/17,"14317.0","14323.0","15105.0","13847.0","48.01K","0.01"
28/12/17,"14315.0","15374.0","15467.0","13232.0","72.89K","-6.89"
27/12/17,"15374.0","15680.0","16494.0","14463.0","54.99K","-1.95"
26/12/17,"15679.0","13627.0","16048.0","13550.0","63.44K","15.09"
25/12/17,"13623.0","13517.0","14278.0","12678.0","45.61K","1.09"
24/12/17,"13476.0","14036.0","14047.0","11601.2","72.38K","-3.98"
23/12/17,"14035.0","13173.0","14986.0","12755.0","59.92K","6.57"
22/12/17,"13170.0","15650.0","15826.0","10718.0","179.00K","-15.94"
21/12/17,"15666.8","16433.0","17333.0","14827.0","65.58K","-4.62"
20/12/17,"16425.0","17340.0","17709.0","15500.0","82.16K","-5.30"
19/12/17,"17345.0","18931.0","18987.0","16500.0","66.65K","-8.39"
18/12/17,"18934.0","18959.0","19171.0","18010.0","53.58K","-0.20"
17/12/17,"18971.0","19210.0","19891.0","18622.0","51.80K","-1.13"
16/12/17,"19187.0","17569.5","19548.0","17098.0","48.27K","9.50"
15/12/17,"17522.0","16396.0","18098.0","16352.0","63.11K","6.95"
14/12/17,"16383.0","16122.0","16999.0","15870.0","45.72K","1.25"
13/12/17,"16181.0","17010.0","17288.0","15674.0","62.88K","-4.63"
12/12/17,"16967.0","16754.0","17500.0","16234.0","52.09K","1.27"
11/12/17,"16754.0","14937.0","17443.0","14937.0","78.09K","11.72"
10/12/17,"14997.0","14660.0","15728.0","12748.0","107.05K","2.30"
09/12/17,"14660.0","15829.0","16300.0","13021.0","77.82K","-7.62"
08/12/17,"15869.0","16608.0","17160.0","13774.0","124.11K","-4.41"
07/12/17,"16601.0","13500.0","16639.0","13154.0","141.26K","22.72"
06/12/17,"13527.0","11590.0","13598.0","11590.0","83.59K","16.66"
05/12/17,"11595.0","11611.0","11949.0","11414.0","48.94K","0.00"
04/12/17,"11595.0","11162.0","11598.0","10788.0","63.74K","3.93"
03/12/17,"11157.0","10880.0","11842.0","10299.0","93.06K","2.54"
02/12/17,"10881.0","10852.0","11187.0","10627.0","49.71K","0.11"
01/12/17,"10869.0","9907.0","10949.0","9370.1","84.14K","9.71"
30/11/17,"9907.0","9771.9","10540.0","8821.0","129.07K","1.62"
29/11/17,"9749.4","9891.9","11427.2","9001.1","182.74K","-1.50"
28/11/17,"9898.0","9727.1","9977.8","9608.3","47.11K","1.74"
27/11/17,"9728.8","9303.9","9760.7","9268.9","66.66K","4.43"
26/11/17,"9316.0","8791.0","9495.0","8769.2","67.57K","6.27"
25/11/17,"8766.2","8191.6","8770.0","8132.9","44.25K","7.01"
24/11/17,"8191.6","7977.0","8350.7","7873.0","42.85K","2.69"
23/11/17,"7977.1","8230.0","8267.6","7977.1","32.10K","-3.07"
22/11/17,"8230.1","8097.3","8310.0","8064.3","28.86K","1.64"
21/11/17,"8097.3","8245.1","8380.0","7790.0","71.85K","-1.79"
20/11/17,"8245.1","8052.8","8310.2","7943.4","38.28K","2.37"
19/11/17,"8054.2","7770.6","8126.9","7652.0","39.13K","3.61"
18/11/17,"7773.3","7674.1","7867.0","7419.5","40.70K","1.24"
17/11/17,"7677.9","7865.0","8029.8","7511.1","75.95K","-2.37"
16/11/17,"7864.2","7273.7","8012.9","7099.9","85.88K","8.05"
15/11/17,"7278.3","6589.9","7310.2","6589.9","71.61K","10.63"
14/11/17,"6579.2","6476.5","6687.8","6315.4","49.52K","1.62"
13/11/17,"6474.6","5806.5","6680.0","5786.1","110.44K","11.21"
12/11/17,"5822.1","6282.4","6465.0","5426.0","172.69K","-7.60"
11/11/17,"6300.7","6541.2","6788.0","6166.0","72.84K","-3.69"
10/11/17,"6542.2","7123.3","7313.1","6405.2","88.43K","-8.20"
09/11/17,"7126.2","7447.0","7447.0","7017.6","50.14K","-4.25"
08/11/17,"7442.4","7102.0","7895.0","7029.9","97.30K","4.77"
07/11/17,"7103.3","6959.6","7214.4","6959.0","37.54K","2.13"
06/11/17,"6955.0","7355.1","7429.5","6915.1","63.27K","-5.78"
05/11/17,"7382.0","7370.9","7595.0","7272.0","46.29K","0.18"
04/11/17,"7369.0","7104.0","7521.1","6936.5","48.62K","1.24"
03/11/17,"7278.4","7018.9","7447.5","6926.5","64.15K","3.68"
02/11/17,"7019.9","6735.0","7315.1","6724.5","97.45K","4.35"
01/11/17,"6727.3","6450.2","6727.3","6348.0","57.13K","4.17"
31/10/17,"6458.3","6129.9","6472.1","6082.7","38.76K","5.44"
30/10/17,"6125.3","6146.0","6237.2","6010.0","33.26K","-0.50"
29/10/17,"6156.0","5718.1","6330.0","5662.9","61.92K","7.61"
28/10/17,"5720.6","5759.8","5863.9","5634.7","26.66K","-0.68"
27/10/17,"5759.6","5890.0","6010.2","5681.2","39.71K","-2.21"
26/10/17,"5890.0","5724.2","5966.6","5680.5","42.72K","2.97"
25/10/17,"5720.0","5509.9","5743.9","5367.9","44.80K","3.82"
24/10/17,"5509.5","5902.5","5902.5","5457.5","64.03K","-6.73"
23/10/17,"5906.9","5980.5","6051.0","5639.8","67.06K","-1.23"
22/10/17,"5980.5","6005.1","6069.6","5717.9","50.58K","-0.41"
21/10/17,"6005.1","5984.9","6190.0","5873.6","53.52K","0.34"
20/10/17,"5984.5","5694.0","6082.2","5606.4","61.78K","5.10"
19/10/17,"5694.0","5574.8","5741.0","5505.8","38.04K","2.32"
18/10/17,"5565.0","5597.7","5597.9","5114.3","69.04K","-0.57"
17/10/17,"5597.1","5764.8","5779.0","5511.0","31.91K","-2.90"
16/10/17,"5764.4","5712.2","5803.2","5570.4","31.41K","1.15"
15/10/17,"5698.6","5838.7","5876.9","5450.0","57.34K","-2.34"
14/10/17,"5835.0","5636.8","5854.3","5567.3","36.81K","3.52"
13/10/17,"5636.8","5440.0","5874.3","5376.0","99.15K","3.84"
12/10/17,"5428.5","4824.9","5437.6","4815.1","79.26K","12.51"
11/10/17,"4824.9","4777.7","4879.5","4715.0","28.92K","1.00"
10/10/17,"4777.0","4782.3","4940.0","4717.5","42.68K","-0.11"
09/10/17,"4782.3","4612.4","4874.9","4551.3","48.93K","3.67"
08/10/17,"4613.1","4435.9","4630.0","4417.6","29.86K","3.99"
07/10/17,"4436.0","4370.0","4477.1","4316.1","17.41K","1.49"
06/10/17,"4371.0","4312.6","4424.5","4294.0","25.94K","1.29"
05/10/17,"4315.4","4215.9","4364.6","4134.9","25.36K","2.38"
04/10/17,"4215.1","4310.6","4353.8","4177.7","26.37K","-2.23"
03/10/17,"4311.1","4399.3","4439.9","4222.0","28.54K","-2.02"
02/10/17,"4400.1","4404.3","4482.0","4359.8","29.08K","-0.10"
01/10/17,"4404.3","4366.6","4420.5","4257.7","29.23K","0.85"
30/09/17,"4367.0","4168.1","4393.4","4160.1","31.50K","4.73"
29/09/17,"4169.9","4190.0","4244.6","4024.7","38.94K","-0.48"
28/09/17,"4190.0","4207.5","4268.6","4125.0","36.57K","-0.37"
27/09/17,"4205.4","3881.6","4226.5","3878.1","48.62K","8.41"
26/09/17,"3879.1","3930.0","3983.0","3850.9","21.41K","-1.30"
25/09/17,"3930.0","3654.7","3977.0","3654.7","40.15K","7.59"
24/09/17,"3652.8","3779.6","3781.3","3620.0","20.88K","-3.35"
23/09/17,"3779.6","3598.7","3808.0","3559.1","25.64K","5.03"
22/09/17,"3598.5","3597.3","3743.6","3493.5","49.24K","-0.14"
21/09/17,"3603.4","3875.5","3903.7","3564.4","56.98K","-6.97"
20/09/17,"3873.2","3892.2","4048.0","3834.1","33.21K","-0.69"
19/09/17,"3900.0","4084.4","4110.0","3836.2","47.77K","-4.51"
18/09/17,"4084.1","3667.0","4113.9","3667.0","58.98K","11.40"
17/09/17,"3666.3","3680.1","3775.9","3476.3","37.05K","-0.52"
16/09/17,"3685.4","3697.1","3874.0","3511.1","70.74K","-0.34"
15/09/17,"3698.0","3237.4","3809.0","2981.0","183.11K","14.20"
14/09/17,"3238.1","3850.2","3917.2","3206.2","127.51K","-15.89"
13/09/17,"3849.7","4149.4","4159.6","3734.0","71.51K","-7.08"
12/09/17,"4142.9","4198.9","4378.4","4055.5","40.04K","-1.43"
11/09/17,"4203.0","4234.9","4373.1","4123.0","30.90K","-0.69"
10/09/17,"4232.1","4315.4","4325.0","3975.8","45.87K","-1.99"
09/09/17,"4317.9","4304.0","4381.2","4159.4","31.11K","0.28"
08/09/17,"4305.8","4613.5","4686.2","4107.1","60.93K","-6.67"
07/09/17,"4613.5","4594.6","4672.8","4465.3","23.13K","0.53"
06/09/17,"4589.1","4375.0","4631.4","4361.4","39.00K","4.90"
05/09/17,"4374.9","4210.6","4469.9","3900.1","57.73K","4.15"
04/09/17,"4200.4","4599.2","4606.0","4056.5","59.08K","-8.59"
03/09/17,"4595.0","4534.2","4699.8","4331.0","33.56K","1.34"
02/09/17,"4534.4","4911.8","4969.0","4400.5","55.03K","-7.55"
01/09/17,"4904.9","4718.3","4927.4","4660.7","28.71K","3.96"
31/08/17,"4718.2","4567.9","4749.9","4567.9","18.47K","3.27"
30/08/17,"4569.0","4586.6","4641.1","4481.1","17.07K","-0.39"
29/08/17,"4587.1","4385.1","4644.2","4336.7","32.70K","4.64"
28/08/17,"4383.8","4330.7","4395.2","4175.7","21.22K","1.20"
27/08/17,"4331.8","4340.2","4405.7","4305.0","11.16K","-0.23"
26/08/17,"4341.7","4351.5","4364.0","4243.6","14.80K","-0.23"
25/08/17,"4351.5","4324.1","4461.2","4277.4","27.76K","0.61"
24/08/17,"4325.2","4135.0","4370.8","4093.0","22.04K","4.75"
23/08/17,"4129.1","4086.9","4248.6","4055.9","27.49K","1.35"
22/08/17,"4074.0","3998.9","4140.0","3600.0","61.72K","1.79"
21/08/17,"4002.5","4066.3","4093.5","3956.4","26.61K","-1.52"
20/08/17,"4064.3","4145.0","4192.0","4040.9","25.10K","-1.95"
19/08/17,"4145.1","4088.2","4184.1","3920.0","41.77K","1.34"
18/08/17,"4090.2","4269.7","4359.0","3957.0","46.80K","-3.99"
17/08/17,"4260.0","4386.4","4489.1","4178.1","40.30K","-2.88"
16/08/17,"4386.3","4160.0","4403.6","3928.1","35.29K","5.65"
15/08/17,"4151.9","4321.0","4430.0","3841.9","64.13K","-3.88"
14/08/17,"4319.5","4061.6","4330.3","3969.3","34.22K","6.57"
13/08/17,"4053.3","3866.2","4183.7","3836.1","48.16K","4.86"
12/08/17,"3865.5","3643.4","3965.4","3590.0","37.66K","6.08"
11/08/17,"3644.1","3404.7","3690.6","3380.0","26.43K","6.93"
10/08/17,"3407.9","3340.2","3444.4","3310.0","19.13K","2.04"
09/08/17,"3339.9","3415.0","3424.4","3236.8","26.25K","-2.20"
08/08/17,"3415.0","3395.0","3482.9","3343.8","31.72K","0.54"
07/08/17,"3396.7","3232.5","3440.0","3190.0","24.54K","5.23"
06/08/17,"3227.9","3255.0","3309.8","3156.0","16.95K","-0.88"
05/08/17,"3256.4","2860.0","3331.9","2855.0","50.56K","13.86"
04/08/17,"2860.0","2790.3","2874.8","2762.6","18.99K","2.50"
03/08/17,"2790.3","2702.0","2813.0","2698.0","16.86K","3.27"
02/08/17,"2702.0","2733.8","2757.8","2640.0","23.76K","-1.07"
01/08/17,"2731.2","2854.3","2901.6","2615.8","42.31K","-4.37"
31/07/17,"2856.0","2748.9","2883.5","2694.8","27.56K","3.89"
30/07/17,"2749.0","2713.7","2756.2","2595.0","34.97K","1.29"
29/07/17,"2714.1","2784.8","2794.2","2662.6","24.25K","-2.54"
28/07/17,"2784.8","2664.6","2819.9","2655.5","40.54K","4.50"
27/07/17,"2664.9","2527.7","2682.2","2511.0","31.36K","5.51"
26/07/17,"2525.7","2560.9","2612.0","2404.6","34.18K","-1.37"
25/07/17,"2560.9","2769.7","2790.1","2435.7","56.10K","-7.54"
24/07/17,"2769.7","2750.1","2812.0","2707.3","20.71K","0.81"
23/07/17,"2747.5","2845.7","2875.7","2656.2","35.18K","-3.45"
22/07/17,"2845.7","2659.0","2912.9","2642.8","35.25K","6.82"
21/07/17,"2664.0","2874.5","2874.5","2615.0","57.43K","-6.73"
20/07/17,"2856.3","2253.3","2919.9","2253.3","83.44K","26.77"
19/07/17,"2253.1","2302.2","2399.9","2214.2","35.81K","-2.13"
18/07/17,"2302.1","2220.0","2380.2","2139.8","44.10K","3.74"
17/07/17,"2219.0","1925.0","2223.3","1924.1","40.48K","15.28"
16/07/17,"1924.9","1979.7","2048.8","1835.8","53.02K","-2.71"
15/07/17,"1978.6","2206.5","2210.1","1975.7","41.76K","-10.27"
14/07/17,"2205.1","2329.4","2345.6","2138.0","27.74K","-5.32"
13/07/17,"2329.0","2375.6","2400.0","2293.8","18.42K","-1.91"
12/07/17,"2374.4","2285.6","2394.0","2195.8","21.67K","4.04"
11/07/17,"2282.1","2318.3","2372.8","2183.3","33.06K","-1.56"
10/07/17,"2318.3","2477.9","2498.1","2240.0","28.09K","-6.44"
09/07/17,"2478.0","2542.0","2555.6","2473.7","7.78K","-2.52"
08/07/17,"2542.0","2479.3","2542.6","2436.8","9.69K","2.53"
07/07/17,"2479.3","2593.2","2598.0","2447.0","17.68K","-4.39"
06/07/17,"2593.1","2598.6","2603.3","2546.0","9.83K","-0.21"
05/07/17,"2598.5","2579.9","2617.6","2482.5","13.54K","0.62"
04/07/17,"2582.6","2525.9","2628.0","2512.4","15.75K","2.32"
03/07/17,"2524.0","2445.1","2584.0","2416.2","16.14K","3.23"
02/07/17,"2445.0","2346.2","2470.0","2302.0","12.03K","4.06"
01/07/17,"2349.5","2420.6","2440.9","2291.0","15.08K","-2.94"
30/06/17,"2420.7","2472.4","2511.1","2406.6","10.40K","-2.00"
29/06/17,"2470.1","2518.2","2537.0","2424.1","12.96K","-1.91"
28/06/17,"2518.2","2521.3","2561.1","2403.2","21.83K","-0.12"
27/06/17,"2521.2","2393.5","2524.0","2208.1","33.49K","5.29"
26/06/17,"2394.6","2480.0","2510.4","2258.7","36.37K","-3.35"
25/06/17,"2477.7","2502.6","2595.0","2369.1","18.13K","-0.99"
24/06/17,"2502.6","2674.9","2700.0","2454.1","16.77K","-6.44"
23/06/17,"2674.9","2672.8","2725.3","2652.8","8.14K","0.08"
22/06/17,"2672.8","2624.4","2709.0","2554.8","15.18K","1.97"
21/06/17,"2621.2","2715.3","2760.0","2573.3","24.54K","-3.36"
20/06/17,"2712.2","2585.0","2779.6","2568.2","20.56K","5.09"
19/06/17,"2580.8","2494.9","2592.7","2481.4","13.71K","3.58"
18/06/17,"2491.5","2610.1","2635.0","2421.0","19.99K","-4.54"
17/06/17,"2610.0","2435.5","2636.9","2368.7","16.64K","7.10"
16/06/17,"2437.0","2377.5","2480.0","2261.2","22.41K","2.51"
15/06/17,"2377.4","2394.3","2455.0","2050.0","55.83K","-0.74"
14/06/17,"2395.0","2677.1","2720.0","2284.4","34.71K","-10.51"
13/06/17,"2676.4","2570.0","2730.0","2532.6","23.18K","4.07"
12/06/17,"2571.8","2941.8","2961.9","2298.2","48.34K","-12.41"
11/06/17,"2936.3","2806.0","3000.0","2793.8","19.03K","4.64"
10/06/17,"2806.0","2809.9","2890.5","2750.8","16.17K","-0.11"
09/06/17,"2809.0","2781.5","2849.8","2769.6","9.52K","0.97"
08/06/17,"2782.1","2642.0","2789.3","2570.1","16.98K","5.28"
07/06/17,"2642.6","2844.6","2850.0","2600.2","22.10K","-7.07"
06/06/17,"2843.6","2636.9","2896.5","2620.0","42.68K","7.87"
05/06/17,"2636.2","2488.2","2637.5","2480.0","15.39K","5.95"
04/06/17,"2488.2","2461.6","2498.0","2376.4","11.88K","1.11"
03/06/17,"2461.0","2405.9","2481.0","2348.0","10.77K","2.29"
02/06/17,"2405.9","2312.0","2407.8","2271.9","12.55K","4.08"
01/06/17,"2311.6","2191.8","2366.7","2187.4","18.96K","5.46"
31/05/17,"2191.8","2147.3","2240.1","2002.1","21.24K","2.10"
30/05/17,"2146.7","2207.4","2263.1","2080.4","21.45K","-2.75"
29/05/17,"2207.4","2056.9","2249.8","1990.1","16.46K","7.33"
28/05/17,"2056.6","1980.0","2193.0","1955.5","25.78K","4.27"
27/05/17,"1972.3","2125.9","2207.9","1810.0","47.12K","-7.29"
26/05/17,"2127.3","2268.1","2477.0","2008.7","39.76K","-5.54"
25/05/17,"2252.0","2392.6","2689.0","2142.1","55.10K","-5.96"
24/05/17,"2394.8","2250.0","2443.8","2247.7","29.63K","6.47"
23/05/17,"2249.3","2087.5","2262.9","2060.0","22.49K","7.85"
22/05/17,"2085.5","2026.5","2219.9","1979.2","57.24K","2.77"
21/05/17,"2029.2","2059.3","2099.1","2001.0","17.22K","-1.48"
20/05/17,"2059.7","1966.5","2072.2","1963.6","21.69K","4.74"
19/05/17,"1966.5","1941.5","2000.0","1925.0","23.00K","1.29"
18/05/17,"1941.5","1870.0","1949.9","1861.0","12.91K","3.82"
17/05/17,"1870.0","1786.2","1892.9","1766.4","15.91K","4.72"
16/05/17,"1785.7","1772.0","1795.1","1728.0","9.86K","0.74"
15/05/17,"1772.5","1826.8","1828.5","1720.0","15.76K","-3.04"
14/05/17,"1828.1","1820.6","1852.4","1780.0","11.31K","0.42"
13/05/17,"1820.4","1735.0","1824.0","1666.0","16.60K","4.92"
12/05/17,"1735.0","1853.9","1864.8","1700.8","21.40K","-6.41"
11/05/17,"1853.9","1796.9","1908.0","1766.6","24.39K","3.18"
10/05/17,"1796.8","1759.8","1817.4","1722.3","18.62K","2.09"
09/05/17,"1760.0","1703.5","1813.9","1695.1","31.21K","3.33"
08/05/17,"1703.2","1619.8","1715.0","1618.9","19.91K","5.14"
07/05/17,"1619.9","1597.0","1631.3","1575.1","13.91K","1.43"
06/05/17,"1597.1","1545.1","1605.0","1545.0","14.02K","3.37"
05/05/17,"1545.1","1607.2","1665.5","1511.7","32.64K","-3.86"
04/05/17,"1607.1","1619.4","1701.9","1521.1","31.49K","-0.66"
03/05/17,"1617.8","1558.5","1626.9","1542.0","17.07K","3.71"
02/05/17,"1560.0","1533.0","1604.6","1479.2","16.73K","1.75"
01/05/17,"1533.1","1435.0","1560.0","1432.0","22.30K","6.82"
30/04/17,"1435.2","1425.4","1443.5","1403.3","8.52K","0.81"
29/04/17,"1423.6","1415.6","1436.6","1401.5","8.77K","0.57"
28/04/17,"1415.6","1440.3","1447.0","1368.3","14.02K","-1.71"
27/04/17,"1440.3","1399.3","1449.7","1392.5","10.40K","2.93"
26/04/17,"1399.3","1371.0","1411.7","1365.1","11.81K","2.12"
25/04/17,"1370.3","1345.0","1378.5","1342.1","8.27K","1.88"
24/04/17,"1345.0","1355.3","1359.6","1326.9","7.91K","-0.75"
23/04/17,"1355.2","1346.4","1359.0","1336.0","7.75K","0.57"
22/04/17,"1347.5","1327.1","1353.1","1290.1","12.37K","1.65"
21/04/17,"1325.6","1308.7","1333.1","1307.5","8.00K","1.31"
20/04/17,"1308.4","1260.5","1325.7","1260.1","15.62K","3.80"
19/04/17,"1260.5","1265.4","1272.0","1255.0","7.58K","-0.39"
18/04/17,"1265.4","1240.0","1274.8","1237.0","16.14K","2.05"
17/04/17,"1240.0","1212.5","1247.0","1202.2","15.15K","2.31"
16/04/17,"1212.0","1193.3","1217.6","1190.4","4.50K","1.57"
15/04/17,"1193.3","1206.8","1215.0","1190.0","9.15K","-1.12"
14/04/17,"1206.8","1187.0","1219.1","1184.0","12.32K","1.67"
13/04/17,"1187.0","1227.4","1235.1","1163.5","19.14K","-3.29"
12/04/17,"1227.4","1236.9","1239.0","1221.0","12.01K","-0.66"
11/04/17,"1235.6","1220.3","1243.4","1209.1","9.56K","1.25"
10/04/17,"1220.3","1215.9","1229.9","1208.1","11.55K","0.36"
09/04/17,"1215.9","1188.1","1226.9","1180.2","16.31K","2.34"
08/04/17,"1188.1","1196.6","1202.6","1171.3","11.02K","-0.71"
07/04/17,"1196.6","1191.5","1208.9","1176.7","20.44K","0.43"
06/04/17,"1191.5","1140.3","1206.4","1140.3","32.17K","4.46"
05/04/17,"1140.6","1145.8","1146.7","1112.3","22.55K","-0.38"
04/04/17,"1145.0","1150.1","1161.9","1124.1","21.16K","-0.45"
03/04/17,"1150.2","1107.8","1159.9","1107.8","30.42K","3.85"
02/04/17,"1107.6","1093.5","1118.2","1081.0","20.42K","1.32"
01/04/17,"1093.2","1081.3","1106.9","1070.2","17.00K","1.06"
31/03/17,"1081.7","1042.1","1089.4","1041.0","27.50K","3.91"
30/03/17,"1041.0","1041.7","1053.5","1022.2","24.81K","-0.08"
29/03/17,"1041.8","1044.7","1058.9","1009.3","22.32K","-0.28"
28/03/17,"1044.7","1042.8","1066.5","1016.8","25.25K","0.19"
27/03/17,"1042.7","968.9","1046.9","960.1","31.91K","7.61"
26/03/17,"969.0","971.3","1005.5","950.1","33.26K","-0.33"
25/03/17,"972.2","942.1","980.0","891.0","46.01K","3.08"
24/03/17,"943.1","1032.7","1034.2","928.3","43.52K","-8.70"
23/03/17,"1033.0","1039.4","1055.0","1018.0","19.33K","-0.59"
22/03/17,"1039.1","1115.9","1116.0","986.3","41.33K","-6.81"
21/03/17,"1115.0","1040.4","1120.9","1040.1","33.42K","7.31"
20/03/17,"1039.0","1016.5","1052.1","1011.2","20.53K","2.25"
19/03/17,"1016.1","971.9","1058.9","971.0","40.55K","4.64"
18/03/17,"971.0","1067.8","1097.1","935.1","87.88K","-9.12"
17/03/17,"1068.4","1169.1","1169.6","1066.0","59.21K","-8.61"
16/03/17,"1169.0","1256.1","1259.7","1132.5","51.49K","-6.93"
15/03/17,"1256.1","1245.0","1262.0","1241.3","15.84K","0.89"
14/03/17,"1245.0","1238.5","1257.9","1218.9","17.97K","0.52"
13/03/17,"1238.5","1224.4","1246.9","1207.5","23.07K","1.09"
12/03/17,"1225.2","1172.4","1232.6","1167.5","18.97K","4.47"
11/03/17,"1172.8","1113.5","1196.1","1107.0","31.26K","5.32"
10/03/17,"1113.6","1190.4","1328.8","971.0","104.89K","-6.45"
09/03/17,"1190.4","1150.0","1207.5","1136.0","24.15K","3.58"
08/03/17,"1149.3","1232.4","1243.6","1142.2","46.82K","-6.74"
07/03/17,"1232.4","1279.2","1281.8","1185.9","42.01K","-3.67"
06/03/17,"1279.3","1278.4","1287.8","1268.6","9.60K","0.07"
05/03/17,"1278.4","1267.8","1279.8","1245.3","9.32K","0.84"
04/03/17,"1267.8","1289.1","1291.8","1240.1","15.55K","-1.58"
03/03/17,"1288.2","1257.6","1294.7","1256.6","22.29K","2.05"
02/03/17,"1262.3","1232.9","1283.1","1213.0","30.55K","2.39"
01/03/17,"1232.8","1189.1","1233.5","1186.0","22.49K","3.68"
28/02/17,"1189.1","1196.0","1216.0","1177.8","17.47K","-0.54"
27/02/17,"1195.5","1178.3","1202.6","1171.0","11.76K","1.46"
26/02/17,"1178.3","1153.0","1185.9","1130.9","11.08K","2.19"
25/02/17,"1153.0","1185.4","1189.9","1131.5","16.29K","-2.71"
24/02/17,"1185.1","1189.9","1222.2","1111.1","48.21K","-0.49"
23/02/17,"1190.9","1125.5","1196.9","1120.4","26.12K","5.83"
22/02/17,"1125.3","1129.6","1140.0","1106.4","14.33K","-0.38"
21/02/17,"1129.6","1091.3","1134.0","1085.0","24.50K","3.52"
20/02/17,"1091.2","1056.2","1100.3","1044.1","13.29K","3.31"
19/02/17,"1056.2","1059.8","1066.0","1045.0","6.44K","-0.34"
18/02/17,"1059.8","1056.2","1071.1","1053.1","7.15K","0.34"
17/02/17,"1056.2","1038.5","1065.8","1034.1","16.17K","1.71"
16/02/17,"1038.4","1013.9","1045.7","1013.9","11.26K","2.43"
15/02/17,"1013.8","1013.3","1017.3","1002.4","5.61K","0.01"
14/02/17,"1013.7","996.5","1019.0","988.9","12.20K","1.73"
13/02/17,"996.5","996.0","1004.5","975.9","9.05K","0.05"
12/02/17,"996.0","1000.1","1005.4","992.3","4.33K","-0.43"
11/02/17,"1000.3","992.1","1009.0","984.2","9.32K","0.84"
10/02/17,"992.0","985.0","1002.0","949.4","24.48K","0.71"
09/02/17,"985.0","1049.0","1078.0","936.4","59.96K","-6.09"
08/02/17,"1048.8","1052.5","1068.0","1013.2","23.09K","-0.31"
07/02/17,"1052.1","1022.6","1056.3","1021.7","15.19K","2.88"
06/02/17,"1022.6","1006.6","1026.2","1006.0","8.90K","1.59"
05/02/17,"1006.6","1031.1","1033.0","996.3","16.19K","-2.38"
04/02/17,"1031.1","1016.8","1040.0","1001.6","17.19K","1.52"
03/02/17,"1015.7","1007.0","1020.5","988.3","18.97K","0.99"
02/02/17,"1005.7","983.7","1010.5","970.1","17.79K","2.23"
01/02/17,"983.7","966.2","985.0","960.1","11.35K","1.82"
31/01/17,"966.2","917.4","969.4","916.8","19.65K","5.32"
30/01/17,"917.4","912.5","920.8","910.0","3.45K","0.53"
29/01/17,"912.6","919.4","923.0","910.7","2.70K","-0.75"
28/01/17,"919.4","916.7","924.0","915.0","3.61K","0.30"
27/01/17,"916.7","915.1","922.2","905.0","10.14K","0.17"
26/01/17,"915.1","893.3","917.6","893.3","9.82K","2.44"
25/01/17,"893.3","886.1","899.6","884.2","10.48K","0.82"
24/01/17,"886.1","908.4","927.0","884.2","20.73K","-2.63"
23/01/17,"910.0","923.7","928.8","910.0","9.63K","-1.48"
22/01/17,"923.7","924.0","939.7","892.0","21.84K","-0.03"
21/01/17,"924.0","895.7","931.0","893.9","12.17K","3.13"
20/01/17,"896.0","900.3","904.5","883.3","9.49K","-0.48"
19/01/17,"900.3","887.6","908.2","884.6","15.08K","1.41"
18/01/17,"887.8","904.0","913.8","847.3","21.30K","-1.80"
17/01/17,"904.0","830.1","910.8","828.0","27.34K","8.90"
16/01/17,"830.1","820.7","837.9","814.8","7.65K","1.14"
15/01/17,"820.7","815.3","823.0","805.1","5.39K","0.67"
14/01/17,"815.3","828.1","838.5","800.7","12.53K","-1.55"
13/01/17,"828.1","804.6","832.3","776.0","25.88K","2.93"
12/01/17,"804.6","779.5","831.2","738.7","35.91K","3.34"
11/01/17,"778.6","905.8","922.6","760.0","62.87K","-14.04"
10/01/17,"905.8","903.0","917.9","895.5","12.14K","0.31"
09/01/17,"903.0","915.9","916.1","876.3","16.59K","-1.41"
08/01/17,"915.9","908.8","942.5","890.0","30.75K","0.78"
07/01/17,"908.8","898.5","911.0","816.1","40.60K","1.21"
06/01/17,"898.0","1003.8","1025.0","871.0","57.40K","-10.49"
05/01/17,"1003.2","1139.8","1166.0","865.4","91.20K","-11.97"
04/01/17,"1139.6","1037.5","1150.0","1036.4","53.73K","9.84"
03/01/17,"1037.5","1019.3","1038.7","1013.5","14.11K","1.79"
02/01/17,"1019.3","999.2","1034.8","997.3","21.82K","2.03"
01/01/17,"999.0","966.6","1006.5","961.3","13.44K","3.35"
31/12/16,"966.6","959.2","968.0","945.0","7.16K","0.76"
30/12/16,"959.3","974.7","974.7","929.8","19.36K","-1.37"
29/12/16,"972.6","981.7","983.0","949.0","22.56K","-0.92"
28/12/16,"981.7","936.4","983.0","936.4","20.82K","4.85"
27/12/16,"936.3","906.4","940.0","903.5","9.19K","3.30"
26/12/16,"906.4","898.0","920.0","894.2","11.83K","0.94"
25/12/16,"898.0","895.2","901.5","858.6","12.04K","0.31"
24/12/16,"895.2","919.0","919.8","882.8","7.39K","-2.58"
23/12/16,"919.0","859.2","920.0","859.0","26.03K","6.96"
22/12/16,"859.2","829.3","873.9","825.0","15.25K","3.52"
21/12/16,"830.0","798.8","830.5","795.0","16.22K","4.01"
20/12/16,"798.0","790.6","802.3","788.0","6.99K","0.94"
19/12/16,"790.6","790.2","792.2","788.0","2.15K","0.05"
18/12/16,"790.2","791.0","792.8","784.4","2.43K","-0.10"
17/12/16,"791.0","784.2","793.0","784.2","6.20K","0.87"
16/12/16,"784.2","777.4","785.0","775.9","4.77K","0.87"
15/12/16,"777.4","774.5","780.1","774.5","3.18K","0.38"
14/12/16,"774.5","775.0","781.2","771.2","3.68K","-0.07"
13/12/16,"775.0","778.0","788.9","763.7","5.58K","-0.38"
12/12/16,"778.0","770.2","784.1","770.2","6.76K","1.01"
11/12/16,"770.2","772.9","773.7","761.8","4.14K","-0.35"
10/12/16,"772.9","770.5","777.8","770.0","3.36K","0.31"
09/12/16,"770.5","765.0","772.7","765.0","3.65K","0.72"
08/12/16,"765.0","765.0","773.2","762.7","4.75K","0.00"
07/12/16,"765.0","757.2","772.2","749.1","10.69K","1.01"
06/12/16,"757.4","750.6","758.5","750.4","5.28K","0.90"
05/12/16,"750.6","768.5","769.0","744.6","10.07K","-2.33"
04/12/16,"768.5","765.5","770.0","760.9","4.20K","0.42"
03/12/16,"765.3","774.9","774.9","756.0","5.73K","-1.24"
02/12/16,"774.9","755.4","779.2","755.2","13.41K","2.59"
01/12/16,"755.4","739.0","756.0","738.8","13.40K","2.21"
30/11/16,"739.0","731.0","743.1","729.1","5.53K","1.09"
29/11/16,"731.0","731.5","733.9","728.7","5.65K","-0.06"
28/11/16,"731.5","724.9","735.0","724.9","4.14K","0.90"
27/11/16,"725.0","731.2","736.2","722.5","3.49K","-0.85"
26/11/16,"731.2","740.4","741.0","720.0","4.49K","-1.24"
25/11/16,"740.4","737.7","741.1","730.0","4.06K","0.36"
24/11/16,"737.7","742.0","744.3","727.6","6.07K","-0.58"
23/11/16,"742.0","749.8","750.9","730.8","5.58K","-1.07"
22/11/16,"750.0","739.0","753.9","733.3","9.48K","1.50"
21/11/16,"739.0","729.7","740.6","728.1","7.20K","1.28"
20/11/16,"729.7","752.9","757.0","712.0","13.91K","-3.09"
19/11/16,"752.9","754.0","760.0","740.0","6.04K","-0.14"
18/11/16,"754.0","740.7","756.9","734.5","6.96K","1.80"
17/11/16,"740.7","745.0","762.4","735.0","14.89K","-0.58"
16/11/16,"745.0","712.2","747.5","710.1","17.95K","4.61"
15/11/16,"712.2","707.4","720.0","707.4","7.94K","0.67"
14/11/16,"707.4","708.1","709.0","699.0","6.01K","0.47"
31/10/16,"704.1","702.5","706.0","688.0","10.56K","0.22"
30/10/16,"702.5","714.5","716.6","697.8","12.20K","-1.67"
29/10/16,"714.5","693.5","724.0","692.3","15.28K","3.03"
28/10/16,"693.5","688.7","695.0","681.6","10.10K","0.70"
27/10/16,"688.7","678.7","690.6","676.7","12.93K","1.47"
26/10/16,"678.7","659.5","685.6","658.5","11.69K","2.91"
25/10/16,"659.5","654.7","670.0","652.7","5.52K","0.74"
24/10/16,"654.7","659.0","659.0","654.0","5.70K","-0.66"
23/10/16,"659.0","665.0","671.4","656.0","5.73K","-0.90"
22/10/16,"665.0","636.7","671.0","635.1","10.09K","4.44"
21/10/16,"636.7","632.5","639.0","632.0","7.22K","0.68"
20/10/16,"632.5","631.8","633.6","628.0","3.34K","0.11"
19/10/16,"631.8","638.7","643.9","627.8","8.99K","-1.10"
18/10/16,"638.8","639.8","641.7","632.9","6.09K","-0.15"
17/10/16,"639.8","644.2","644.6","637.8","5.02K","-0.68"
16/10/16,"644.2","640.2","645.8","639.8","2.39K","0.62"
15/10/16,"640.2","643.0","645.7","637.9","2.40K","-0.44"
14/10/16,"643.0","637.0","645.4","636.7","6.64K","0.94"
13/10/16,"637.0","637.6","643.7","636.4","5.01K","-0.10"
12/10/16,"637.6","641.9","644.1","637.3","3.85K","-0.64"
11/10/16,"641.7","618.9","646.0","618.1","12.53K","3.70"
10/10/16,"618.9","616.6","620.0","615.9","3.09K","0.37"
09/10/16,"616.6","620.5","620.9","614.4","2.74K","-0.63"
08/10/16,"620.5","620.1","622.9","617.9","3.11K","0.06"
07/10/16,"620.1","613.5","621.2","613.0","4.85K","1.08"
06/10/16,"613.5","614.1","615.9","612.7","3.08K","-0.09"
05/10/16,"614.1","610.7","617.3","610.0","3.41K","0.51"
04/10/16,"611.0","612.7","614.0","609.6","4.01K","-0.26"
03/10/16,"612.6","609.1","613.2","608.9","3.28K","0.57"
02/10/16,"609.1","614.1","614.2","607.0","4.97K","-0.81"
01/10/16,"614.1","611.1","616.9","611.1","1.90K","0.49"
30/09/16,"611.1","604.6","612.9","604.3","2.36K","1.08"
29/09/16,"604.6","603.8","607.8","603.2","3.14K","0.14"
28/09/16,"603.8","605.5","605.8","603.1","2.05K","-0.29"
27/09/16,"605.5","609.1","609.9","602.0","3.20K","-0.59"
26/09/16,"609.1","600.4","610.0","599.9","3.11K","1.46"
25/09/16,"600.4","602.5","603.6","597.6","1.39K","-0.36"
24/09/16,"602.5","603.3","605.8","601.5","0.94K","-0.12"
23/09/16,"603.3","597.1","604.0","596.0","1.96K","1.04"
22/09/16,"597.1","597.4","598.7","596.0","2.33K","-0.06"
21/09/16,"597.4","600.1","600.1","592.7","7.66K","-0.44"
20/09/16,"600.0","609.8","612.0","600.0","3.37K","-1.60"
19/09/16,"609.8","613.0","615.0","608.9","2.96K","-0.53"
18/09/16,"613.0","607.7","615.9","607.4","2.93K","0.88"
17/09/16,"607.7","610.0","610.6","605.0","3.57K","-0.38"
16/09/16,"610.0","611.8","614.2","609.5","3.70K","-0.29"
15/09/16,"611.8","613.9","617.3","611.0","4.38K","-0.34"
14/09/16,"613.9","614.2","617.4","612.0","5.93K","-0.06"
13/09/16,"614.2","611.6","618.0","610.0","7.27K","0.43"
12/09/16,"611.6","612.1","615.2","608.1","4.97K","-0.08"
11/09/16,"612.1","628.0","635.0","598.0","9.64K","-2.54"
10/09/16,"628.0","626.3","629.7","624.9","4.04K","0.28"
09/09/16,"626.3","631.7","633.5","621.3","4.27K","-0.87"
08/09/16,"631.7","619.8","636.2","617.8","8.27K","1.93"
07/09/16,"619.8","615.1","620.6","610.8","5.53K","0.73"
06/09/16,"615.2","611.5","616.7","609.8","3.09K","0.61"
05/09/16,"611.5","614.5","615.7","605.7","5.08K","-0.49"
04/09/16,"614.5","609.9","618.7","604.6","5.06K","0.76"
03/09/16,"609.9","579.8","612.4","576.0","8.21K","5.18"
02/09/16,"579.8","572.7","581.1","570.6","5.67K","1.24"
01/09/16,"572.7","576.2","578.0","571.5","3.62K","-0.59"
31/08/16,"576.2","579.5","579.5","572.7","3.51K","-0.58"
30/08/16,"579.5","574.8","580.2","574.2","3.20K","0.82"
29/08/16,"574.8","574.2","578.0","573.0","2.80K","0.11"
28/08/16,"574.2","568.5","574.4","568.3","1.52K","0.99"
27/08/16,"568.5","578.0","578.9","567.2","2.26K","-1.64"
26/08/16,"578.0","577.2","579.5","575.1","1.77K","0.14"
25/08/16,"577.2","580.3","581.1","574.0","3.57K","-0.54"
24/08/16,"580.3","583.5","586.9","580.0","5.05K","-0.55"
23/08/16,"583.5","588.0","590.7","581.1","4.80K","-0.76"
22/08/16,"588.0","581.4","590.0","581.4","4.62K","1.13"
21/08/16,"581.4","582.1","584.2","580.0","2.43K","-0.10"
20/08/16,"582.0","573.5","582.8","571.3","3.34K","1.48"
19/08/16,"573.5","572.3","577.2","570.8","2.93K","0.23"
18/08/16,"572.2","571.8","578.0","569.7","6.00K","0.07"
17/08/16,"571.8","574.2","577.9","569.0","5.03K","-0.42"
16/08/16,"574.2","564.6","579.0","564.0","6.22K","1.70"
15/08/16,"564.6","569.4","574.0","563.0","7.65K","-0.84"
14/08/16,"569.4","583.7","583.7","564.0","7.51K","-2.45"
13/08/16,"583.7","585.5","590.0","582.1","6.42K","-0.30"
12/08/16,"585.5","591.3","593.0","584.0","6.29K","-0.98"
11/08/16,"591.3","590.5","599.0","587.8","15.30K","0.17"
10/08/16,"590.3","604.1","614.5","579.0","21.35K","-2.29"
09/08/16,"604.1","604.1","604.1","604.1","0","0.00"
08/08/16,"604.1","604.1","604.1","604.1","0","0.00"
07/08/16,"604.1","604.1","604.1","604.1","0","0.00"
06/08/16,"0.0","0.0","0.0","0.0","0","0.00"
05/08/16,"0.0","0.0","0.0","0.0","0","0.00"
04/08/16,"0.0","0.0","0.0","0.0","0","0.00"
03/08/16,"0.0","0.0","0.0","0.0","0","-100.00"
02/08/16,"604.0","608.3","615.3","595.0","48.65K","-0.66"
01/08/16,"608.0","622.7","627.3","605.0","31.43K","-2.51"
31/07/16,"623.7","655.0","655.1","621.3","33.26K","-4.78"
30/07/16,"655.0","658.3","660.5","651.8","8.09K","-0.51"
29/07/16,"658.3","657.0","660.4","654.5","9.23K","0.59"
27/07/16,"654.5","648.5","657.1","646.6","11.79K","0.93"
26/07/16,"648.5","654.2","657.6","640.6","20.36K","-0.87"
25/07/16,"654.2","661.8","664.4","650.0","14.84K","-1.16"
24/07/16,"661.8","654.0","664.1","650.5","14.02K","1.19"
23/07/16,"654.0","648.0","657.1","645.0","10.00K","0.92"
22/07/16,"648.0","665.0","668.0","640.0","27.84K","-2.55"
21/07/16,"665.0","665.8","668.0","657.6","10.70K","-0.13"
20/07/16,"665.8","675.0","676.0","661.3","12.85K","-1.36"
19/07/16,"675.0","674.3","676.6","666.3","10.95K","0.10"
18/07/16,"674.3","683.2","686.0","666.5","18.08K","-1.30"
17/07/16,"683.2","665.3","689.7","663.6","20.41K","2.69"
16/07/16,"665.3","665.5","669.6","659.1","5.92K","-0.03"
15/07/16,"665.5","659.8","669.6","658.2","9.47K","0.87"
14/07/16,"659.8","653.7","666.0","650.0","20.20K","0.93"
13/07/16,"653.7","667.1","669.9","652.5","17.54K","-2.02"
12/07/16,"667.2","648.0","678.0","645.6","30.22K","2.97"
11/07/16,"648.0","649.7","662.5","643.4","13.92K","-0.27"
10/07/16,"649.7","648.1","651.5","636.9","10.27K","0.25"
09/07/16,"648.1","664.8","664.8","624.0","46.88K","-2.51"
08/07/16,"664.8","640.5","666.6","634.0","32.88K","3.79"
07/07/16,"640.5","677.4","682.0","610.1","75.70K","-5.40"
06/07/16,"677.0","667.8","682.6","667.0","15.92K","1.39"
05/07/16,"667.8","681.3","682.7","659.3","17.40K","-1.99"
04/07/16,"681.3","659.3","684.2","644.5","23.52K","3.34"
03/07/16,"659.3","706.0","707.0","644.4","44.70K","-6.49"
02/07/16,"705.0","674.8","705.3","673.4","29.14K","4.49"
01/07/16,"674.8","674.7","690.6","667.6","41.62K","0.00"
30/06/16,"674.7","640.0","677.5","635.6","40.25K","5.48"
29/06/16,"639.7","646.6","646.6","622.0","33.26K","-1.02"
28/06/16,"646.3","662.2","664.3","633.0","35.75K","-2.40"
27/06/16,"662.2","627.4","662.2","617.3","46.01K","5.54"
26/06/16,"627.4","664.9","667.9","614.3","45.12K","-5.63"
25/06/16,"664.9","665.5","698.0","642.8","55.63K","-0.18"
24/06/16,"666.0","625.8","680.0","625.8","92.36K","6.43"
23/06/16,"625.8","605.6","638.2","555.6","122.98K","3.26"
22/06/16,"606.0","669.0","688.2","588.9","100.50K","-9.40"
21/06/16,"668.9","705.8","715.8","668.9","102.12K","-10.08"
20/06/16,"743.9","767.3","767.7","724.3","49.09K","-3.05"
19/06/16,"767.3","757.6","771.9","740.0","26.70K","1.28"
18/06/16,"757.6","748.7","789.7","721.6","66.95K","1.19"
17/06/16,"748.7","769.5","780.0","703.1","97.38K","-2.70"
16/06/16,"769.5","697.0","778.5","697.0","123.86K","10.41"
15/06/16,"696.9","684.5","699.1","669.2","34.04K","1.81"
14/06/16,"684.5","705.9","705.9","656.5","65.74K","-3.03"
13/06/16,"705.9","672.0","719.0","659.9","117.69K","5.20"
12/06/16,"671.0","614.6","685.0","607.0","116.40K","9.19"
11/06/16,"614.5","580.1","615.0","579.3","28.43K","5.94"
10/06/16,"580.1","575.5","582.4","572.5","16.17K","0.79"
09/06/16,"575.5","583.0","583.7","570.0","21.87K","-1.29"
08/06/16,"583.0","576.9","585.0","571.1","18.08K","1.07"
07/06/16,"576.9","585.2","592.1","561.3","36.12K","-1.43"
06/06/16,"585.2","574.0","588.5","574.0","27.45K","1.95"
05/06/16,"574.0","572.9","586.0","565.2","28.14K","0.23"
04/06/16,"572.7","570.9","593.7","561.5","39.12K","0.32"
03/06/16,"570.9","538.8","579.0","535.8","48.45K","5.95"
02/06/16,"538.8","536.8","543.7","532.4","16.88K","0.37"
01/06/16,"536.8","530.7","546.1","523.8","27.82K","1.15"
31/05/16,"530.7","532.9","546.5","518.0","49.88K","-0.41"
30/05/16,"532.9","531.0","548.4","521.1","32.60K","0.36"
29/05/16,"531.0","527.0","567.0","512.5","83.72K","0.76"
28/05/16,"527.0","472.0","541.0","471.0","74.36K","11.65"
27/05/16,"472.0","454.0","482.3","453.6","59.12K","3.98"
26/05/16,"454.0","449.1","454.7","446.0","9.52K","1.09"
25/05/16,"449.1","445.0","450.4","443.0","12.35K","0.91"
24/05/16,"445.0","443.5","447.8","442.4","8.33K","0.31"
23/05/16,"443.7","437.5","444.4","436.5","7.87K","1.41"
22/05/16,"437.5","440.8","441.0","435.1","7.24K","-0.76"
21/05/16,"440.8","441.6","442.2","437.0","6.22K","-0.17"
20/05/16,"441.6","434.5","443.1","433.0","14.29K","1.51"
19/05/16,"435.0","453.5","454.7","433.0","30.35K","-4.08"
18/05/16,"453.5","453.2","456.9","451.5","7.16K","0.06"
17/05/16,"453.2","453.0","454.9","451.0","7.63K","0.05"
16/05/16,"453.0","457.9","459.0","451.0","8.77K","-1.07"
15/05/16,"457.9","455.8","460.7","454.7","5.64K","0.46"
14/05/16,"455.8","455.8","458.5","454.1","3.61K","0.00"
13/05/16,"455.8","455.0","457.5","452.0","7.13K","0.17"
12/05/16,"455.0","452.3","456.1","445.9","18.08K","0.60"
11/05/16,"452.3","450.7","454.7","450.0","8.03K","0.35"
10/05/16,"450.7","461.6","464.0","446.2","22.57K","-2.35"
09/05/16,"461.6","459.9","465.4","457.8","15.12K","0.37"
08/05/16,"459.9","460.2","461.6","456.0","6.45K","-0.07"
07/05/16,"460.2","461.2","463.0","458.3","7.81K","-0.21"
06/05/16,"461.2","448.4","465.0","448.0","26.54K","2.85"
05/05/16,"448.4","447.4","450.4","446.1","10.79K","0.23"
04/05/16,"447.4","450.4","451.0","445.1","7.05K","-0.67"
03/05/16,"450.4","443.7","452.0","440.1","12.16K","1.50"
02/05/16,"443.7","451.1","452.5","436.0","29.74K","-1.64"
01/05/16,"451.1","446.6","453.0","445.7","3.90K","1.01"
30/04/16,"446.6","455.3","456.0","445.1","10.58K","-1.92"
29/04/16,"455.3","450.5","457.4","445.8","13.42K","1.08"
28/04/16,"450.5","444.9","450.8","435.0","25.33K","1.21"
27/04/16,"445.1","468.1","469.7","443.4","40.28K","-4.92"
26/04/16,"468.1","461.8","472.0","461.8","18.72K","1.38"
25/04/16,"461.8","463.0","471.6","455.0","25.90K","-0.27"
24/04/16,"463.0","453.7","465.0","450.2","24.13K","2.05"
23/04/16,"453.7","447.8","454.6","445.7","10.16K","1.32"
22/04/16,"447.8","452.3","453.1","444.5","12.21K","-0.94"
21/04/16,"452.0","443.9","454.5","442.3","17.83K","1.82"
20/04/16,"444.0","437.8","446.5","436.6","21.25K","1.41"
19/04/16,"437.8","430.0","439.0","428.5","12.05K","1.80"
18/04/16,"430.0","428.5","430.9","426.5","7.58K","0.36"
17/04/16,"428.5","432.5","433.5","426.4","8.48K","-0.82"
16/04/16,"432.0","431.5","435.7","430.5","7.71K","0.13"
15/04/16,"431.5","426.0","432.4","426.0","15.84K","1.28"
14/04/16,"426.0","424.8","426.4","424.0","4.13K","0.30"
13/04/16,"424.8","426.6","427.7","423.0","6.67K","-0.43"
12/04/16,"426.6","423.7","430.0","423.7","14.77K","0.67"
11/04/16,"423.7","421.3","423.9","418.8","6.40K","0.57"
10/04/16,"421.3","418.5","422.8","417.5","4.25K","0.68"
09/04/16,"418.5","418.5","418.8","412.0","6.33K","0.00"
08/04/16,"418.5","422.3","424.5","415.5","9.85K","-0.90"
07/04/16,"422.3","422.6","422.9","417.8","7.73K","-0.07"
06/04/16,"422.6","423.8","424.5","421.7","5.68K","-0.28"
05/04/16,"423.8","420.5","424.6","419.6","7.26K","0.78"
04/04/16,"420.5","420.6","421.2","416.3","5.75K","-0.03"
03/04/16,"420.6","420.3","421.7","417.6","4.25K","0.07"
02/04/16,"420.3","417.9","422.8","417.5","6.12K","0.66"
01/04/16,"417.6","416.0","417.6","414.0","5.41K","0.37"
31/03/16,"416.0","413.2","418.3","413.0","7.27K","0.68"
30/03/16,"413.2","416.0","416.0","408.6","9.04K","-0.63"
29/03/16,"415.8","424.1","426.4","407.5","23.30K","-1.95"
28/03/16,"424.1","427.4","428.0","422.4","9.25K","-0.77"
27/03/16,"427.4","416.7","431.0","415.8","22.33K","2.56"
26/03/16,"416.7","416.0","418.7","414.5","5.04K","0.17"
25/03/16,"416.0","415.3","417.0","413.0","3.69K","0.17"
24/03/16,"415.3","418.1","418.1","414.0","7.56K","-0.67"
23/03/16,"418.1","417.7","419.7","415.8","7.19K","0.10"
22/03/16,"417.7","411.9","418.7","409.9","10.20K","1.41"
21/03/16,"411.9","411.3","412.1","406.0","7.82K","0.15"
20/03/16,"411.3","408.4","413.0","407.9","5.66K","0.70"
19/03/16,"408.4","407.7","410.7","404.0","8.96K","0.17"
18/03/16,"407.7","418.8","418.9","403.0","21.09K","-2.64"
17/03/16,"418.8","417.3","420.6","416.7","8.31K","0.35"
16/03/16,"417.3","415.5","418.0","414.0","7.07K","0.43"
15/03/16,"415.5","415.9","418.8","412.8","9.63K","-0.12"
14/03/16,"416.0","411.9","417.9","411.8","9.21K","1.01"
13/03/16,"411.8","410.0","416.0","410.0","7.63K","0.44"
12/03/16,"410.0","420.5","421.8","406.5","17.02K","-2.49"
11/03/16,"420.5","416.5","423.6","415.5","15.46K","0.96"
10/03/16,"416.5","413.0","417.2","410.7","13.71K","0.86"
09/03/16,"412.9","411.4","414.5","407.8","9.03K","0.39"
08/03/16,"411.4","412.6","415.9","406.0","10.23K","-0.33"
07/03/16,"412.7","403.8","415.3","401.6","15.31K","2.18"
06/03/16,"403.9","397.4","409.5","392.0","19.71K","1.65"
05/03/16,"397.4","408.8","410.1","389.7","46.95K","-2.80"
04/03/16,"408.8","420.6","424.0","407.7","21.75K","-2.79"
03/03/16,"420.6","422.1","424.4","416.4","20.87K","-0.39"
02/03/16,"422.2","434.8","436.3","421.1","16.46K","-2.90"
01/03/16,"434.8","439.2","442.8","428.5","19.63K","-0.99"
29/02/16,"439.2","434.5","444.8","430.5","20.40K","1.08"
28/02/16,"434.5","434.2","437.8","422.1","19.86K","0.06"
27/02/16,"434.2","435.5","438.0","431.8","11.59K","-0.25"
26/02/16,"435.3","424.9","435.3","420.0","18.85K","2.45"
25/02/16,"424.9","426.4","430.0","419.5","13.60K","-0.35"
24/02/16,"426.4","421.4","427.5","410.7","22.43K","1.24"
23/02/16,"421.1","440.3","442.6","416.3","32.43K","-4.35"
22/02/16,"440.3","440.5","442.5","433.4","16.34K","-0.05"
21/02/16,"440.5","438.7","451.2","428.3","43.01K","0.41"
20/02/16,"438.7","419.8","445.0","419.7","47.48K","4.45"
19/02/16,"420.0","421.5","422.5","412.0","13.26K","-0.36"
18/02/16,"421.5","414.9","426.0","413.1","25.23K","1.60"
17/02/16,"414.9","407.3","421.7","405.3","30.40K","1.86"
16/02/16,"407.3","399.9","408.8","398.7","13.99K","1.84"
15/02/16,"399.9","408.3","412.5","395.4","30.13K","-2.06"
14/02/16,"408.3","393.0","408.7","393.0","29.47K","3.90"
13/02/16,"393.0","382.9","393.0","382.6","14.73K","2.61"
12/02/16,"383.0","378.0","383.5","377.1","10.15K","1.32"
11/02/16,"378.0","380.9","383.0","372.3","14.52K","-0.76"
10/02/16,"380.9","374.3","386.5","373.1","33.67K","1.85"
09/02/16,"374.0","370.5","377.6","370.3","9.08K","0.94"
08/02/16,"370.5","372.0","376.7","369.1","16.88K","-0.41"
07/02/16,"372.0","373.7","377.8","369.2","13.06K","-0.47"
06/02/16,"373.8","386.5","386.5","366.4","40.20K","-3.31"
05/02/16,"386.5","389.8","392.6","384.5","16.90K","-0.84"
04/02/16,"389.8","369.0","393.9","368.6","37.34K","5.64"
03/02/16,"369.0","372.9","374.0","366.0","13.20K","-1.05"
02/02/16,"372.9","371.4","374.8","369.9","10.44K","0.40"
01/02/16,"371.4","365.5","379.0","363.3","24.84K","1.62"
31/01/16,"365.5","377.0","378.9","362.6","14.85K","-3.04"
30/01/16,"377.0","377.6","380.5","374.0","10.50K","-0.18"
29/01/16,"377.6","378.4","385.3","360.2","62.20K","-0.20"
28/01/16,"378.4","394.7","395.5","375.6","25.03K","-4.20"
27/01/16,"395.0","391.3","397.0","389.7","8.54K","0.93"
26/01/16,"391.3","391.0","398.0","387.5","13.32K","0.09"
25/01/16,"391.0","402.8","402.8","384.0","22.66K","-2.93"
24/01/16,"402.8","385.6","407.0","385.1","23.22K","4.46"
23/01/16,"385.6","381.0","394.0","379.9","21.47K","1.21"
22/01/16,"381.0","411.0","411.2","371.3","62.21K","-7.31"
21/01/16,"411.0","419.5","424.6","405.0","29.03K","-2.01"
20/01/16,"419.4","378.9","428.0","375.0","82.80K","10.67"
19/01/16,"379.0","387.0","388.4","377.4","17.19K","-2.09"
18/01/16,"387.0","382.0","389.4","375.1","19.55K","1.30"
17/01/16,"382.1","388.4","392.8","378.8","20.63K","-1.63"
16/01/16,"388.4","359.0","392.4","353.2","74.07K","8.24"
15/01/16,"358.9","429.3","429.4","358.0","123.88K","-16.40"
14/01/16,"429.3","431.1","434.9","426.0","13.30K","-0.42"
13/01/16,"431.1","432.0","436.4","416.4","33.24K","-0.22"
12/01/16,"432.0","449.3","449.6","429.3","20.66K","-3.83"
11/01/16,"449.3","449.4","452.5","443.6","14.81K","-0.02"
10/01/16,"449.4","449.2","450.3","441.0","13.75K","0.03"
09/01/16,"449.2","454.0","456.0","447.5","8.76K","-1.05"
08/01/16,"454.0","458.8","465.0","446.8","30.45K","-1.10"
07/01/16,"459.0","428.9","461.9","427.1","55.66K","7.26"
06/01/16,"428.0","431.8","432.2","425.0","8.74K","-0.89"
05/01/16,"431.8","432.9","434.9","428.2","11.22K","-0.24"
04/01/16,"432.9","428.6","435.7","427.0","13.02K","0.99"
03/01/16,"428.7","432.7","433.1","422.0","19.18K","-0.93"
02/01/16,"432.7","434.0","435.8","430.0","6.38K","-0.29"
01/01/16,"434.0","429.0","436.5","426.3","12.97K","1.16"
31/12/15,"429.0","424.7","432.6","412.5","21.49K","1.02"
30/12/15,"424.7","431.8","434.0","420.0","22.10K","-1.66"
29/12/15,"431.9","420.1","432.2","418.0","22.02K","2.76"
28/12/15,"420.2","422.3","429.0","417.0","24.27K","-0.50"
27/12/15,"422.4","416.5","424.9","407.0","27.80K","1.41"
26/12/15,"416.5","455.5","459.3","405.5","96.51K","-8.55"
25/12/15,"455.5","456.1","460.0","445.9","15.14K","-0.14"
24/12/15,"456.1","442.6","459.0","442.5","20.08K","3.05"
23/12/15,"442.6","435.6","445.8","434.6","16.26K","1.60"
22/12/15,"435.6","437.5","443.6","433.5","18.50K","-0.52"
21/12/15,"437.9","442.6","445.9","424.9","43.21K","-1.06"
20/12/15,"442.6","462.4","462.7","431.8","46.39K","-4.29"
19/12/15,"462.5","463.5","467.0","452.8","21.14K","-0.23"
18/12/15,"463.5","455.6","466.6","452.0","27.21K","1.68"
17/12/15,"455.8","455.0","458.5","446.3","17.77K","0.20"
16/12/15,"455.0","466.0","467.0","440.0","67.34K","-2.48"
15/12/15,"466.5","442.6","467.0","442.5","41.00K","5.40"
14/12/15,"442.6","432.5","448.1","427.6","27.33K","2.21"
13/12/15,"433.0","435.6","443.8","418.3","33.60K","-0.61"
12/12/15,"435.7","457.0","475.0","404.4","106.47K","-4.52"
11/12/15,"456.3","414.9","457.0","414.8","72.67K","9.96"
10/12/15,"414.9","418.7","421.0","411.2","21.39K","-0.91"
09/12/15,"418.7","422.0","426.0","406.5","53.65K","-0.49"
08/12/15,"420.8","396.7","421.4","388.4","30.42K","6.07"
07/12/15,"396.7","390.6","403.8","384.9","35.18K","1.56"
06/12/15,"390.6","390.0","406.8","386.0","57.86K","0.15"
05/12/15,"390.0","363.2","394.0","362.2","45.80K","7.39"
04/12/15,"363.2","360.5","364.4","354.3","14.64K","0.68"
03/12/15,"360.7","359.1","371.1","352.9","27.46K","0.44"
02/12/15,"359.1","362.7","363.1","346.2","31.55K","-0.98"
01/12/15,"362.7","376.9","380.0","353.2","44.10K","-3.77"
30/11/15,"376.9","373.9","384.5","370.0","47.64K","0.96"
29/11/15,"373.3","358.6","376.0","355.6","25.47K","4.06"
28/11/15,"358.7","358.9","362.1","351.2","19.34K","-0.05"
27/11/15,"358.9","354.0","366.7","348.2","35.90K","1.39"
26/11/15,"354.0","329.9","369.1","329.4","80.51K","7.32"
25/11/15,"329.9","320.1","331.0","316.0","20.61K","3.05"
24/11/15,"320.1","323.6","323.8","315.8","9.62K","-1.09"
23/11/15,"323.6","324.7","327.0","320.9","7.81K","-0.32"
22/11/15,"324.7","327.8","327.9","320.4","7.34K","-0.88"
21/11/15,"327.5","322.2","329.0","319.0","10.33K","1.66"
20/11/15,"322.2","326.5","326.8","309.5","30.09K","-1.32"
19/11/15,"326.5","335.9","336.4","324.5","18.95K","-2.81"
18/11/15,"336.0","336.3","338.8","328.1","15.61K","-0.10"
17/11/15,"336.3","332.1","342.5","331.0","27.34K","1.25"
16/11/15,"332.1","320.5","335.0","315.2","25.78K","3.45"
15/11/15,"321.1","333.4","336.4","315.0","31.61K","-3.70"
14/11/15,"333.4","338.5","340.7","329.0","20.32K","-1.52"
13/11/15,"338.5","337.6","343.6","326.2","30.12K","0.59"
12/11/15,"336.6","314.3","346.2","314.1","57.48K","7.19"
11/11/15,"314.0","340.2","343.6","300.8","116.71K","-7.70"
10/11/15,"340.2","381.1","383.4","327.0","89.42K","-10.71"
09/11/15,"381.0","374.1","388.8","360.9","38.12K","1.87"
08/11/15,"374.0","384.9","390.3","365.7","30.58K","-2.76"
07/11/15,"384.6","375.6","392.2","371.7","34.27K","2.41"
06/11/15,"375.6","387.9","396.7","351.5","106.74K","-3.20"
05/11/15,"388.0","409.2","449.1","371.0","157.82K","-5.20"
04/11/15,"409.2","405.0","503.4","366.7","274.85K","0.97"
03/11/15,"405.3","365.3","423.9","361.9","171.37K","11.04"
02/11/15,"365.0","330.2","372.5","326.8","70.99K","10.38"
01/11/15,"330.7","316.0","333.5","313.6","25.68K","4.65"
31/10/15,"316.0","328.2","335.4","307.2","42.94K","-3.71"
30/10/15,"328.2","314.9","336.0","313.8","62.92K","4.23"
29/10/15,"314.9","304.5","321.1","301.5","51.16K","3.41"
28/10/15,"304.5","295.3","308.0","295.3","35.57K","3.16"
27/10/15,"295.2","287.2","298.7","287.1","26.75K","2.77"
26/10/15,"287.2","284.7","287.9","282.3","17.19K","0.85"
25/10/15,"284.8","284.2","296.0","281.2","43.57K","0.21"
24/10/15,"284.2","279.2","284.5","279.0","13.33K","1.78"
23/10/15,"279.2","275.8","280.9","275.1","15.81K","1.23"
22/10/15,"275.8","267.8","280.0","267.3","27.29K","3.00"
21/10/15,"267.8","271.0","272.3","264.1","10.60K","-1.17"
20/10/15,"271.0","265.1","273.9","264.5","14.40K","2.23"
19/10/15,"265.0","265.0","268.3","262.4","10.98K","0.00"
18/10/15,"265.0","272.9","274.6","263.3","15.65K","-2.89"
17/10/15,"272.9","263.5","275.1","258.3","42.83K","3.59"
16/10/15,"263.5","255.2","267.8","254.9","21.91K","3.24"
15/10/15,"255.2","253.5","257.5","253.4","10.47K","0.65"
14/10/15,"253.5","251.3","255.9","250.1","10.29K","0.91"
13/10/15,"251.3","246.2","253.4","244.1","16.63K","2.10"
12/10/15,"246.1","248.0","248.4","245.4","5.15K","-0.74"
11/10/15,"247.9","246.0","248.7","244.8","4.87K","0.78"
10/10/15,"246.0","244.8","246.4","243.6","4.20K","0.49"
09/10/15,"244.8","243.0","245.4","242.6","3.64K","0.76"
08/10/15,"243.0","244.0","245.6","242.6","5.98K","-0.50"
07/10/15,"244.2","247.4","247.9","243.5","8.75K","-1.28"
06/10/15,"247.4","242.0","249.0","241.5","16.29K","2.21"
05/10/15,"242.0","239.5","242.7","237.2","12.26K","1.05"
04/10/15,"239.5","239.8","240.9","239.3","2.04K","-0.12"
03/10/15,"239.8","237.9","241.1","237.7","6.22K","0.81"
02/10/15,"237.9","238.5","240.0","237.3","5.61K","-0.26"
01/10/15,"238.5","236.5","240.1","236.2","6.11K","0.84"
30/09/15,"236.5","236.8","238.8","235.1","5.21K","-0.13"
29/09/15,"236.8","240.4","241.5","236.6","9.41K","-1.51"
28/09/15,"240.4","233.4","241.4","233.4","12.49K","3.03"
27/09/15,"233.4","234.6","234.8","233.1","2.61K","-0.54"
26/09/15,"234.6","235.3","235.9","233.8","4.80K","-0.27"
25/09/15,"235.3","234.6","237.6","233.1","9.87K","0.26"
24/09/15,"234.6","230.5","236.3","230.5","15.50K","1.78"
23/09/15,"230.5","231.1","233.0","230.0","5.70K","-0.32"
22/09/15,"231.3","227.2","233.3","224.5","18.74K","1.78"
21/09/15,"227.2","232.1","233.0","226.4","9.26K","-2.11"
20/09/15,"232.1","232.1","233.2","231.4","3.48K","0.00"
19/09/15,"232.1","233.8","234.2","231.4","4.96K","-0.72"
18/09/15,"233.8","233.6","236.2","232.5","8.68K","0.07"
17/09/15,"233.6","229.0","235.7","229.0","11.26K","2.02"
16/09/15,"229.0","230.9","232.1","227.4","8.81K","-0.84"
15/09/15,"230.9","230.9","232.9","229.5","6.85K","0.00"
14/09/15,"230.9","231.0","233.8","228.4","9.71K","-0.03"
13/09/15,"231.0","235.8","236.9","228.9","12.44K","-2.04"
12/09/15,"235.8","240.6","241.0","235.3","9.85K","-2.01"
11/09/15,"240.6","239.5","242.9","239.4","7.12K","0.46"
10/09/15,"239.5","238.9","241.9","237.0","10.81K","0.23"
09/09/15,"238.9","244.2","245.6","238.5","14.37K","-2.15"
08/09/15,"244.2","240.9","247.7","240.3","16.34K","1.39"
07/09/15,"240.9","241.0","243.0","239.0","6.95K","-0.05"
06/09/15,"241.0","235.8","246.5","235.5","20.52K","2.18"
05/09/15,"235.8","230.9","239.7","230.0","12.20K","2.14"
04/09/15,"230.9","227.3","231.6","227.1","10.81K","1.60"
03/09/15,"227.3","229.7","229.9","226.2","6.91K","-1.07"
02/09/15,"229.7","228.2","231.8","226.5","9.01K","0.64"
01/09/15,"228.2","231.4","232.3","226.6","9.83K","-1.34"
31/08/15,"231.4","230.0","233.7","225.3","11.02K","0.59"
30/08/15,"230.0","230.8","233.5","225.8","8.70K","-0.33"
29/08/15,"230.8","231.8","233.9","227.2","10.10K","-0.47"
28/08/15,"231.8","225.8","237.3","220.1","27.31K","2.67"
27/08/15,"225.8","226.1","229.2","224.0","11.63K","-0.18"
26/08/15,"226.2","222.7","232.2","220.1","23.85K","1.59"
25/08/15,"222.7","210.5","227.9","198.0","69.53K","5.78"
24/08/15,"210.5","228.1","228.6","208.5","53.50K","-7.89"
23/08/15,"228.5","230.3","232.9","225.6","12.01K","-0.76"
22/08/15,"230.3","232.2","234.6","222.0","20.89K","-0.82"
21/08/15,"232.2","235.5","236.4","230.5","13.00K","-1.43"
20/08/15,"235.5","226.3","237.8","226.3","26.46K","4.11"
19/08/15,"226.2","194.0","239.4","194.0","93.88K","23.62"
18/08/15,"183.0","258.5","258.5","171.0","72.15K","-29.20"
17/08/15,"258.5","259.9","262.0","257.5","9.90K","-0.54"
16/08/15,"259.9","262.2","262.9","256.5","27.30K","-0.85"
15/08/15,"262.1","266.3","267.8","261.0","10.49K","-1.48"
14/08/15,"266.1","264.5","268.9","262.1","13.43K","0.61"
13/08/15,"264.5","267.1","268.0","263.3","12.91K","-0.98"
12/08/15,"267.1","272.0","273.8","265.8","16.28K","-1.79"
11/08/15,"272.0","265.1","272.0","264.8","12.67K","2.59"
10/08/15,"265.1","265.6","267.7","262.2","10.70K","-0.18"
09/08/15,"265.6","261.3","267.6","260.7","21.20K","1.62"
08/08/15,"261.3","280.2","280.3","260.6","36.82K","-6.70"
07/08/15,"280.1","279.1","281.0","276.1","12.44K","0.37"
06/08/15,"279.1","282.6","282.6","278.1","10.15K","-1.25"
05/08/15,"282.6","285.5","285.9","281.6","7.69K","-1.00"
04/08/15,"285.5","281.3","285.9","281.3","12.06K","1.49"
03/08/15,"281.3","282.4","287.0","279.7","14.67K","-0.43"
02/08/15,"282.5","280.3","283.3","276.3","11.77K","0.77"
01/08/15,"280.3","284.5","285.0","276.5","12.28K","-1.45"
31/07/15,"284.5","288.2","289.9","282.0","14.63K","-1.30"
30/07/15,"288.2","289.9","291.0","285.0","12.16K","-0.59"
29/07/15,"289.9","295.2","295.4","286.6","15.75K","-1.80"
28/07/15,"295.2","294.8","298.9","293.6","14.44K","0.13"
27/07/15,"294.8","293.0","298.7","286.0","25.41K","0.62"
26/07/15,"293.0","289.4","294.5","288.1","9.30K","1.26"
25/07/15,"289.4","288.6","292.4","286.4","11.82K","0.26"
24/07/15,"288.6","276.5","289.9","276.0","24.08K","4.37"
23/07/15,"276.5","278.0","278.4","275.6","5.44K","-0.53"
22/07/15,"278.0","275.8","278.4","274.5","11.13K","0.80"
21/07/15,"275.8","280.2","282.1","275.3","13.40K","-1.62"
20/07/15,"280.3","275.0","280.5","273.5","11.82K","1.92"
19/07/15,"275.0","277.3","279.2","274.7","7.94K","-0.80"
18/07/15,"277.3","279.9","283.3","276.1","15.40K","-0.93"
17/07/15,"279.9","278.9","281.5","272.1","25.52K","0.33"
16/07/15,"278.9","285.4","294.3","275.2","53.00K","-2.28"
15/07/15,"285.4","286.9","294.4","283.5","21.92K","-0.50"
14/07/15,"286.9","292.6","297.1","286.1","23.27K","-1.98"
13/07/15,"292.6","311.1","312.0","284.5","74.07K","-5.94"
12/07/15,"311.1","300.6","316.0","300.5","61.47K","8.52"
10/07/15,"286.7","269.2","292.7","268.6","68.25K","6.49"
09/07/15,"269.2","270.0","272.8","268.0","24.11K","-0.59"
08/07/15,"270.8","269.5","271.4","267.4","27.02K","2.00"
07/07/15,"265.5","268.8","268.9","263.3","45.25K","-3.39"
06/07/15,"274.8","270.1","276.5","268.1","61.92K","3.63"
05/07/15,"265.2","260.6","265.3","258.0","14.57K","1.77"
04/07/15,"260.6","256.1","261.9","253.6","9.77K","1.77"
03/07/15,"256.0","254.5","256.9","252.1","11.55K","0.60"
02/07/15,"254.5","258.1","262.6","253.0","17.29K","-1.39"
01/07/15,"258.1","262.9","264.8","253.5","21.83K","-1.82"
30/06/15,"262.9","256.7","268.9","254.7","47.01K","2.42"
29/06/15,"256.7","248.7","257.7","248.6","34.74K","3.20"
28/06/15,"248.7","251.6","252.1","247.3","12.89K","-1.15"
27/06/15,"251.6","243.3","251.8","242.6","18.14K","3.42"
26/06/15,"243.3","242.1","243.9","240.6","10.14K","0.51"
25/06/15,"242.1","239.8","243.0","239.5","9.22K","0.94"
24/06/15,"239.8","244.3","244.3","239.5","15.32K","-1.82"
23/06/15,"244.3","246.7","247.4","242.3","11.61K","-0.98"
22/06/15,"246.7","244.3","248.0","243.5","18.48K","0.99"
21/06/15,"244.3","245.4","245.7","241.1","8.15K","-0.46"
20/06/15,"245.4","244.6","245.9","240.1","24.30K","0.33"
19/06/15,"244.6","249.5","252.1","243.7","23.64K","-1.98"
18/06/15,"249.5","248.9","253.7","243.0","27.90K","0.22"
17/06/15,"248.9","252.1","259.1","246.1","47.81K","-1.24"
16/06/15,"252.1","237.0","253.9","236.0","50.14K","6.37"
15/06/15,"237.0","233.5","238.2","233.4","19.15K","1.47"
14/06/15,"233.5","232.9","235.4","232.5","8.29K","0.29"
13/06/15,"232.9","229.4","233.5","228.4","11.07K","1.49"
12/06/15,"229.4","230.0","231.3","229.1","9.92K","-0.17"
11/06/15,"229.8","228.6","230.7","228.6","9.41K","0.53"
10/06/15,"228.6","229.1","229.9","227.5","10.79K","-0.20"
09/06/15,"229.1","228.8","232.0","227.8","16.32K","0.13"
08/06/15,"228.8","223.3","230.6","223.3","28.89K","2.46"
07/06/15,"223.3","225.7","226.7","222.3","17.35K","-1.06"
06/06/15,"225.6","224.5","226.9","223.9","6.73K","0.51"
05/06/15,"224.5","223.2","229.2","222.7","17.66K","0.57"
04/06/15,"223.2","225.1","225.8","222.6","11.04K","-0.83"
03/06/15,"225.1","224.7","227.0","222.3","17.15K","0.19"
02/06/15,"224.7","222.0","226.0","221.0","16.50K","1.21"
01/06/15,"222.0","228.7","230.9","219.8","31.97K","-2.93"
31/05/15,"228.7","232.5","232.7","227.1","11.67K","-1.65"
30/05/15,"232.5","236.5","236.7","230.7","14.70K","-1.68"
29/05/15,"236.5","236.9","237.2","235.0","6.85K","-0.14"
28/05/15,"236.9","236.9","237.5","235.9","5.85K","0.00"
27/05/15,"236.9","237.4","239.3","235.6","9.11K","-0.21"
26/05/15,"237.4","237.1","238.5","235.3","8.82K","0.11"
25/05/15,"237.1","241.0","241.1","236.1","8.68K","-1.60"
24/05/15,"240.9","238.8","243.0","238.6","7.19K","0.90"
23/05/15,"238.8","241.0","241.2","237.6","8.51K","-0.90"
22/05/15,"241.0","235.3","241.8","234.6","22.83K","2.42"
21/05/15,"235.3","234.2","236.5","233.9","10.51K","0.44"
20/05/15,"234.2","231.7","235.2","231.6","11.45K","1.10"
19/05/15,"231.7","232.8","235.7","231.2","5.97K","-0.48"
18/05/15,"232.8","236.1","237.3","229.0","14.19K","-1.44"
17/05/15,"236.2","235.7","238.0","235.6","4.80K","0.22"
16/05/15,"235.7","237.3","237.6","234.0","6.05K","-0.67"
15/05/15,"237.3","236.7","238.9","233.9","9.55K","0.26"
14/05/15,"236.7","235.7","238.2","232.1","19.41K","0.37"
13/05/15,"235.8","241.9","245.0","234.3","28.22K","-2.47"
12/05/15,"241.8","242.5","244.4","240.9","13.11K","-0.28"
11/05/15,"242.5","240.7","245.5","238.5","16.05K","0.79"
10/05/15,"240.6","242.5","245.9","238.8","11.87K","-0.81"
09/05/15,"242.5","244.5","249.1","240.1","19.38K","-0.80"
08/05/15,"244.5","237.3","248.5","236.2","31.13K","3.04"
07/05/15,"237.3","229.3","239.8","227.8","27.41K","3.50"
06/05/15,"229.3","235.9","236.8","227.3","47.41K","-2.80"
05/05/15,"235.9","238.5","239.4","231.1","26.12K","-1.12"
04/05/15,"238.5","240.6","243.6","237.0","24.76K","-0.90"
03/05/15,"240.7","234.8","243.7","235.7","19.11K","2.51"
02/05/15,"234.8","231.8","235.8","231.8","9.04K","1.31"
01/05/15,"231.8","236.1","239.2","231.3","16.62K","-1.83"
30/04/15,"236.1","225.2","240.2","224.6","41.29K","4.83"
29/04/15,"225.2","225.3","227.8","222.7","12.20K","-0.03"
28/04/15,"225.3","227.1","228.1","222.2","17.29K","-1.05"
27/04/15,"227.7","219.7","232.0","218.2","35.14K","3.63"
26/04/15,"219.7","226.1","221.5","214.0","40.92K","-2.83"
25/04/15,"226.1","231.4","232.7","225.8","13.38K","-2.28"
24/04/15,"231.4","236.0","236.2","228.7","22.53K","-1.96"
23/04/15,"236.0","234.1","237.0","233.0","8.81K","0.80"
22/04/15,"234.1","237.0","239.0","232.4","22.86K","-0.70"
21/04/15,"235.8","224.2","236.2","224.2","30.99K","5.17"
20/04/15,"224.2","222.2","227.0","221.5","19.97K","0.90"
19/04/15,"222.2","223.1","226.8","222.1","17.64K","-0.39"
18/04/15,"223.1","222.4","224.2","219.9","11.90K","0.31"
17/04/15,"222.4","228.5","229.0","219.6","27.14K","-2.66"
16/04/15,"228.5","224.0","230.0","223.0","29.32K","2.00"
15/04/15,"224.0","220.2","224.0","219.0","23.60K","1.72"
14/04/15,"220.2","225.0","225.8","216.4","40.75K","-2.14"
13/04/15,"225.0","236.4","237.7","220.3","47.16K","-4.81"
12/04/15,"236.4","236.9","238.7","232.8","10.17K","-0.20"
11/04/15,"236.9","236.1","240.0","233.8","17.64K","0.31"
10/04/15,"236.1","243.6","243.7","230.8","37.33K","-3.06"
09/04/15,"243.6","244.9","246.8","236.5","22.75K","-0.55"
08/04/15,"244.9","253.7","255.0","243.1","39.68K","-3.46"
07/04/15,"253.7","255.6","257.9","253.0","10.53K","-0.74"
06/04/15,"255.6","260.5","262.4","253.7","20.82K","-1.88"
05/04/15,"260.5","253.6","261.3","251.6","23.93K","2.72"
04/04/15,"253.6","254.2","255.7","250.4","9.42K","-0.25"
03/04/15,"254.2","253.2","256.4","250.7","28.36K","0.39"
02/04/15,"253.2","246.9","254.9","244.6","26.22K","2.55"
01/04/15,"246.9","244.5","248.5","239.5","23.54K","1.06"
31/03/15,"244.3","247.9","248.8","242.0","22.44K","-1.45"
30/03/15,"247.9","242.7","248.7","246.9","30.64K","2.26"
29/03/15,"242.4","252.9","250.0","239.5","31.54K","-4.15"
28/03/15,"252.9","246.5","255.4","246.5","17.80K","2.62"
27/03/15,"246.5","249.2","250.4","245.3","22.46K","-1.08"
26/03/15,"249.2","246.3","255.0","246.3","33.27K","1.33"
25/03/15,"245.9","246.0","250.0","235.7","54.42K","-0.03"
24/03/15,"246.0","267.2","268.4","241.5","62.94K","-7.94"
23/03/15,"267.2","268.8","271.5","262.0","23.56K","-0.59"
22/03/15,"268.8","260.5","270.8","259.8","18.25K","3.21"
21/03/15,"260.5","262.2","263.0","255.5","15.11K","-0.66"
20/03/15,"262.2","262.0","267.0","259.4","16.27K","0.13"
19/03/15,"261.9","257.3","267.9","248.1","78.90K","1.77"
18/03/15,"257.3","285.1","285.2","249.0","89.46K","-9.80"
17/03/15,"285.3","291.2","292.8","283.0","22.13K","-2.05"
16/03/15,"291.2","286.9","295.1","289.3","22.32K","1.51"
15/03/15,"286.9","282.6","287.8","283.4","13.62K","1.52"
14/03/15,"282.6","283.2","287.5","281.4","26.05K","-0.24"
13/03/15,"283.3","295.5","295.9","282.1","43.54K","-4.15"
12/03/15,"295.6","296.7","298.8","292.4","27.18K","-0.38"
11/03/15,"296.7","292.6","298.7","291.1","26.09K","1.37"
10/03/15,"292.7","291.0","303.8","290.0","67.18K","0.57"
09/03/15,"291.0","275.6","295.0","279.0","62.86K","5.60"
08/03/15,"275.6","277.0","278.7","272.0","14.62K","-0.50"
07/03/15,"277.0","273.4","280.0","270.6","22.14K","1.38"
06/03/15,"273.2","277.7","277.9","269.7","40.56K","-1.62"
05/03/15,"277.7","273.3","284.5","262.9","66.63K","1.60"
04/03/15,"273.3","283.8","286.0","267.4","71.03K","-3.67"
03/03/15,"283.8","277.3","290.3","268.0","82.29K","2.33"
02/03/15,"277.3","262.4","279.6","259.2","66.41K","5.68"
01/03/15,"262.4","255.7","266.0","245.8","46.96K","2.62"
28/02/15,"255.7","255.1","257.4","251.3","17.59K","0.29"
27/02/15,"255.0","236.9","262.6","236.6","69.50K","7.61"
26/02/15,"236.9","238.0","238.3","233.8","18.69K","-0.45"
25/02/15,"238.0","239.7","240.8","235.6","13.56K","-0.73"
24/02/15,"239.7","239.4","241.0","236.7","16.66K","0.14"
23/02/15,"239.4","236.5","241.0","232.6","23.92K","1.23"
22/02/15,"236.5","245.5","247.8","232.4","33.48K","-3.69"
21/02/15,"245.6","244.5","247.7","243.3","16.44K","0.43"
20/02/15,"244.5","240.0","248.3","238.9","31.65K","1.79"
19/02/15,"240.2","236.3","243.4","235.0","23.47K","1.65"
18/02/15,"236.3","244.0","245.0","231.7","39.24K","-3.16"
17/02/15,"244.0","233.5","246.3","231.5","41.39K","4.45"
16/02/15,"233.6","235.9","243.3","229.0","47.11K","-0.97"
15/02/15,"235.9","257.0","268.3","228.2","103.42K","-8.29"
14/02/15,"257.2","236.1","261.2","235.5","80.10K","8.96"
13/02/15,"236.1","222.6","242.5","221.5","68.09K","6.16"
12/02/15,"222.4","220.0","223.2","217.8","20.02K","1.17"
11/02/15,"219.8","221.4","223.3","218.1","19.23K","-0.49"
10/02/15,"220.9","221.1","222.0","215.0","5.40K","-0.10"
09/02/15,"221.1","224.0","225.0","216.4","6.55K","-1.29"
08/02/15,"224.0","229.2","231.6","220.0","4.30K","-2.19"
07/02/15,"229.0","223.2","230.5","222.7","4.10K","2.60"
06/02/15,"223.2","216.8","226.6","216.0","5.69K","2.97"
05/02/15,"216.8","227.1","228.9","215.0","7.41K","-4.56"
04/02/15,"227.1","228.8","231.0","221.5","9.15K","-0.64"
03/02/15,"228.6","237.0","243.9","225.3","8.32K","-3.89"
02/02/15,"237.8","228.4","240.1","220.9","7.45K","3.86"
01/02/15,"229.0","218.7","233.8","210.0","7.23K","4.82"
31/01/15,"218.4","229.0","234.7","217.1","5.60K","-4.64"
30/01/15,"229.1","235.0","244.6","227.9","5.77K","-2.54"
29/01/15,"235.0","235.9","242.0","221.1","6.64K","-0.45"
28/01/15,"236.1","264.0","266.0","228.5","5.34K","-10.45"
27/01/15,"263.6","274.7","278.5","244.0","1.63K","-3.95"
26/01/15,"274.5","262.8","322.7","241.4","5.18K","7.84"
25/01/15,"254.5","248.0","256.3","245.3","0.48K","6.05"
24/01/15,"240.0","215.0","250.6","215.0","0.00K","2.13"
23/01/15,"235.0","230.0","235.0","215.0","0","3.84"
22/01/15,"226.3","245.5","257.7","216.6","0.00K","0.36"
21/01/15,"225.5","219.0","225.5","219.0","0","3.44"
20/01/15,"218.0","215.0","218.0","208.0","0","2.25"
19/01/15,"213.2","211.2","216.2","208.8","1.19K","1.60"
18/01/15,"209.9","202.9","218.3","197.1","1.97K","4.29"
17/01/15,"201.2","207.2","211.0","198.2","2.64K","-2.64"
16/01/15,"206.7","216.0","225.0","200.0","1.56K","-5.07"
15/01/15,"217.7","181.1","234.5","176.5","3.30K","18.87"
14/01/15,"183.2","230.3","230.5","164.9","9.67K","-20.31"
13/01/15,"229.8","267.3","267.6","222.5","13.52K","-14.12"
12/01/15,"267.6","267.2","281.0","265.5","2.56K","0.54"
11/01/15,"266.2","274.8","280.0","265.0","1.42K","-3.22"
10/01/15,"275.0","292.4","292.4","271.0","1.11K","-6.08"
09/01/15,"292.8","285.4","295.6","283.0","1.26K","2.52"
08/01/15,"285.6","296.2","296.2","285.6","1.31K","-3.82"
07/01/15,"297.0","286.1","303.8","285.0","1.53K","4.07"
06/01/15,"285.4","273.2","287.8","268.5","6.86K","4.46"
05/01/15,"273.2","261.0","276.5","260.5","2.68K","5.57"
04/01/15,"258.8","282.0","288.9","258.8","2.38K","-8.23"
03/01/15,"282.0","314.8","314.8","282.0","1.30K","-10.51"
02/01/15,"315.1","313.6","316.0","313.0","1.32K","0.40"
01/01/15,"313.9","317.5","317.5","312.9","0.93K","-0.99"
,,,,,,
,"Highest:19891.0","Lowest:0.0","Difference:19891.0","Average:2015.2","Change %:2951.2",
